-- phpMyAdmin SQL Dump
-- version 5.1.1
-- https://www.phpmyadmin.net/
--
-- Servidor: 127.0.0.1
-- Tiempo de generación: 29-12-2023 a las 14:10:25
-- Versión del servidor: 10.4.19-MariaDB
-- Versión de PHP: 7.4.20

SET SQL_MODE = "NO_AUTO_VALUE_ON_ZERO";
START TRANSACTION;
SET time_zone = "+00:00";


/*!40101 SET @OLD_CHARACTER_SET_CLIENT=@@CHARACTER_SET_CLIENT */;
/*!40101 SET @OLD_CHARACTER_SET_RESULTS=@@CHARACTER_SET_RESULTS */;
/*!40101 SET @OLD_COLLATION_CONNECTION=@@COLLATION_CONNECTION */;
/*!40101 SET NAMES utf8mb4 */;

--
-- Base de datos: `asistencia`
--

-- --------------------------------------------------------

--
-- Estructura de tabla para la tabla `admin`
--

CREATE TABLE `admin` (
  `id` int(11) NOT NULL,
  `username` varchar(30) NOT NULL,
  `password` varchar(60) NOT NULL,
  `firstname` varchar(50) NOT NULL,
  `lastname` varchar(50) NOT NULL,
  `photo` varchar(200) NOT NULL,
  `created_on` date NOT NULL
) ENGINE=InnoDB DEFAULT CHARSET=latin1;

--
-- Volcado de datos para la tabla `admin`
--

INSERT INTO `admin` (`id`, `username`, `password`, `firstname`, `lastname`, `photo`, `created_on`) VALUES
(1, 'admin', '$2y$10$UrGSvHTWm8.ZK4BzPmo8iuqsK6XF5RfHay6ooC5D50y/nShon5wqe', 'Rafael', 'Poppe', 'logo1.jpg', '2021-06-06'),
(2, 'dsiles', '$2y$10$slqbRLySpqv1fRqz46L7lOuIyzirSThnDNOfZsYKgyPWPJkCIfwPa', 'Daniel', 'Siles', '', '2021-06-10');

-- --------------------------------------------------------

--
-- Estructura de tabla para la tabla `attendance`
--

CREATE TABLE `attendance` (
  `id` int(11) NOT NULL,
  `employee_id` int(11) NOT NULL,
  `date` date NOT NULL,
  `time_in` time NOT NULL,
  `status` int(1) NOT NULL,
  `time_out` time NOT NULL,
  `num_hr` double NOT NULL,
  `ip` varchar(20) NOT NULL,
  `ipsalida` varchar(20) DEFAULT NULL,
  `sistop` varchar(20) NOT NULL,
  `sisopsalida` varchar(20) DEFAULT NULL,
  `dispositivo` varchar(10) NOT NULL,
  `dispositivosalida` varchar(10) DEFAULT NULL
) ENGINE=InnoDB DEFAULT CHARSET=latin1;

--
-- Volcado de datos para la tabla `attendance`
--

INSERT INTO `attendance` (`id`, `employee_id`, `date`, `time_in`, `status`, `time_out`, `num_hr`, `ip`, `ipsalida`, `sistop`, `sisopsalida`, `dispositivo`, `dispositivosalida`) VALUES
(3, 3, '2021-06-16', '08:29:14', 1, '14:44:58', 5.2333333333333, '172.16.10.5', '172.16.10.10', 'Windows 10', 'Windows 10', 'PC', 'PC'),
(4, 2, '2021-06-16', '08:30:10', 1, '15:06:20', 5.6, '172.16.10.4', '172.16.10.12', 'Windows 10', 'Windows 10', 'PC', 'PC'),
(5, 4, '2021-06-16', '08:33:54', 1, '14:43:42', 5.15, '172.16.10.6', '172.16.10.6', 'Windows 10', 'Windows 10', 'PC', 'PC'),
(6, 5, '2021-06-16', '08:30:00', 1, '14:45:02', 5.25, '172.16.10.7', '172.16.10.11', 'Windows 10', 'Windows 10', 'PC', 'PC'),
(7, 4, '2021-06-17', '08:16:22', 1, '14:39:21', 5.15, '172.16.10.14', '172.16.10.14', 'Windows 10', 'Windows 10', 'PC', 'PC'),
(8, 5, '2021-06-17', '08:24:35', 1, '14:48:47', 5.3, '172.16.10.15', '172.16.10.21', 'Windows 10', 'Windows 10', 'PC', 'PC'),
(9, 2, '2021-06-17', '08:25:22', 1, '14:44:39', 5.2333333333333, '172.16.10.16', '172.16.10.20', 'Windows 10', 'Windows 10', 'PC', 'PC'),
(10, 3, '2021-06-17', '08:32:58', 1, '17:21:02', 0, '172.16.10.17', '172.16.10.17', 'Windows 10', 'Windows 10', 'PC', 'PC'),
(11, 6, '2021-06-18', '08:02:29', 1, '14:41:50', 5.1833333333333, '172.16.10.32', '172.16.10.43', 'Windows 10', 'Windows 10', 'PC', 'PC'),
(12, 4, '2021-06-18', '08:10:51', 1, '14:58:29', 5.4666666666667, '172.16.10.33', '172.16.10.44', 'Windows 10', 'Windows 10', 'PC', 'PC'),
(13, 5, '2021-06-18', '08:22:58', 1, '14:37:20', 5.1166666666667, '172.16.10.35', '172.16.10.41', 'Windows 10', 'Windows 10', 'PC', 'PC'),
(14, 8, '2021-06-18', '08:25:43', 1, '14:38:34', 5.1333333333333, '172.16.10.34', '172.16.10.42', 'Windows 10', 'Windows 10', 'PC', 'PC'),
(15, 2, '2021-06-18', '08:28:38', 1, '14:46:00', 5, '172.16.10.36', NULL, 'Windows 10', NULL, 'PC', NULL),
(16, 3, '2021-06-18', '08:32:08', 1, '14:34:25', 5.0333333333333, '172.16.10.37', '172.16.10.39', 'Windows 10', 'Windows 10', 'PC', 'PC'),
(17, 6, '2021-06-22', '08:08:55', 1, '14:51:15', 5.35, '172.16.10.45', '172.16.10.45', 'Windows 10', 'Windows 10', 'PC', 'PC'),
(18, 4, '2021-06-22', '08:09:45', 1, '14:50:29', 5.3333333333333, '172.16.10.46', '172.16.10.54', 'Windows 10', 'Windows 10', 'PC', 'PC'),
(19, 7, '2021-06-22', '08:14:02', 1, '22:38:04', 13.133333333333, '172.16.10.48', '172.16.10.48', 'Windows 10', 'Windows 10', 'PC', 'PC'),
(20, 8, '2021-06-22', '08:14:45', 1, '15:23:08', 5.8833333333333, '172.16.10.47', '172.16.10.57', 'Windows 10', 'Windows 10', 'PC', 'PC'),
(21, 5, '2021-06-22', '08:23:55', 1, '14:49:15', 5.3166666666667, '172.16.10.49', '172.16.10.55', 'Windows 10', 'Windows 10', 'PC', 'PC'),
(22, 2, '2021-06-22', '08:28:39', 1, '14:51:52', 5.35, '172.16.10.50', '172.16.10.56', 'Windows 10', 'Windows 10', 'PC', 'PC'),
(23, 3, '2021-06-22', '08:36:42', 0, '14:47:58', 5.1833333333333, '172.16.10.51', '172.16.10.53', 'Windows 10', 'Windows 10', 'PC', 'PC'),
(24, 6, '2021-06-23', '08:07:06', 1, '00:00:00', 0, '172.16.10.58', NULL, 'Windows 10', NULL, 'PC', NULL),
(25, 7, '2021-06-23', '08:10:28', 1, '00:00:00', 0, '172.16.10.61', NULL, 'Windows 10', NULL, 'PC', NULL),
(26, 8, '2021-06-23', '08:17:35', 1, '14:43:05', 5.2166666666667, '172.16.10.60', '172.16.10.69', 'Windows 10', 'Windows 10', 'PC', 'PC'),
(27, 2, '2021-06-23', '08:24:13', 1, '14:56:07', 5.4333333333333, '172.16.10.62', '172.16.10.67', 'Windows 10', 'Windows 10', 'PC', 'PC'),
(28, 5, '2021-06-23', '08:24:32', 1, '14:36:07', 5.1, '172.16.10.63', '172.16.10.63', 'Windows 10', 'Windows 10', 'PC', 'PC'),
(29, 3, '2021-06-23', '08:26:59', 1, '14:33:53', 5.05, '172.16.10.64', '172.16.10.65', 'Windows 10', 'Windows 10', 'PC', 'PC'),
(30, 4, '2021-06-23', '08:50:34', 0, '14:59:00', 4.65, '172.16.10.59', NULL, 'Windows 10', NULL, 'PC', NULL),
(31, 8, '2021-06-24', '08:11:05', 1, '16:55:04', 7.4166666666667, '172.16.10.71', '172.16.10.79', 'Windows 10', 'Windows 10', 'PC', 'PC'),
(32, 5, '2021-06-24', '08:27:17', 1, '16:30:00', 5, '172.16.10.72', '172.16.10.77', 'Windows 10', 'Windows 10', 'PC', 'PC'),
(33, 3, '2021-06-24', '08:33:50', 1, '16:47:04', 7.2166666666667, '172.16.10.73', '172.16.10.78', 'Windows 10', 'Windows 10', 'PC', 'PC'),
(34, 4, '2021-06-24', '08:33:57', 1, '17:29:09', 7.9166666666667, '172.16.10.74', '172.16.10.74', 'Windows 10', 'Windows 10', 'PC', 'PC'),
(35, 2, '2021-06-24', '08:14:00', 1, '17:29:01', 5, '172.16.10.76', '172.16.10.76', 'Windows 10', 'Windows 10', 'PC', 'PC'),
(41, 4, '2021-06-25', '08:28:59', 1, '13:50:14', 4.3333333333333, '172.16.10.82', '172.16.10.3', 'Windows 10', 'Windows 10', 'PC', 'PC'),
(42, 3, '2021-06-25', '08:29:17', 1, '16:48:02', 7.3, '172.16.10.86', '181.115.202.250', 'Windows 10', 'Windows 10', 'PC', 'PC'),
(43, 2, '2021-06-25', '08:30:20', 1, '16:54:22', 7.4, '172.16.10.84', '181.115.202.250', 'Windows 10', 'Windows 10', 'PC', 'PC'),
(44, 8, '2021-06-25', '08:31:24', 0, '16:59:00', 4.9666666666667, '172.16.10.83', NULL, 'Windows 10', NULL, 'PC', NULL),
(45, 4, '2021-06-28', '08:00:24', 1, '16:35:11', 7.0833333333333, '181.115.202.250', '200.87.91.22', 'Windows 10', 'Windows 10', 'PC', 'PC'),
(46, 7, '2021-06-28', '08:08:12', 1, '19:57:59', 10.45, '181.115.202.250', '200.87.91.137', 'Windows 10', 'Windows 10', 'PC', 'PC'),
(47, 8, '2021-06-28', '08:18:42', 1, '15:31:03', 6.0166666666667, '181.115.202.250', '200.87.91.23', 'Windows 10', 'Windows 10', 'PC', 'PC'),
(48, 2, '2021-06-28', '08:24:24', 1, '16:39:38', 7.15, '181.115.202.250', '131.0.199.247', 'Windows 10', 'Windows 10', 'PC', 'PC'),
(49, 5, '2021-06-28', '08:24:48', 1, '16:33:13', 7.05, '181.115.202.250', '200.87.91.33', 'Windows 10', 'Windows 10', 'PC', 'PC'),
(50, 3, '2021-06-28', '08:32:15', 1, '16:33:18', 7.0166666666667, '181.115.202.250', '177.222.62.182', 'Windows 10', 'Windows 10', 'PC', 'PC'),
(51, 4, '2021-06-29', '08:01:30', 1, '16:35:07', 7.0833333333333, '200.87.91.22', '200.87.91.22', 'Windows 10', 'Windows 10', 'PC', 'PC'),
(52, 8, '2021-06-29', '08:02:41', 1, '16:48:58', 7.3, '181.115.140.148', '200.87.91.23', 'Windows 10', 'Windows 10', 'PC', 'PC'),
(53, 3, '2021-06-29', '08:20:41', 1, '18:11:00', 5, '177.222.62.182', NULL, 'Windows 10', NULL, 'PC', NULL),
(54, 2, '2021-06-29', '08:24:05', 1, '16:34:47', 7.0666666666667, '131.0.199.247', '131.0.199.247', 'Windows 10', 'Windows 10', 'PC', 'PC'),
(55, 5, '2021-06-29', '08:26:52', 1, '16:36:40', 7.1, '200.87.91.33', '200.87.91.33', 'Windows 10', 'Windows 10', 'PC', 'PC'),
(56, 8, '2021-06-30', '08:27:40', 1, '18:08:02', 8.6333333333333, '200.87.91.23', '200.87.91.23', 'Windows 10', 'Windows 10', 'PC', 'PC'),
(57, 3, '2021-06-30', '08:31:05', 1, '16:43:28', 7.2, '177.222.62.182', '177.222.62.182', 'Windows 10', 'Windows 10', 'PC', 'PC'),
(58, 5, '2021-06-30', '08:31:07', 1, '17:02:14', 7.5166666666667, '200.87.91.33', '200.87.91.33', 'Windows 10', 'Windows 10', 'PC', 'PC'),
(59, 4, '2021-06-30', '08:32:43', 1, '17:02:19', 7.4833333333333, '200.87.91.118', '200.87.91.118', 'Windows 10', 'Windows 10', 'PC', 'PC'),
(60, 2, '2021-06-30', '08:33:25', 1, '16:51:44', 7.3, '131.0.199.247', '131.0.199.247', 'Windows 10', 'Windows 10', 'PC', 'PC'),
(61, 4, '2021-07-01', '08:02:00', 1, '16:32:35', 7.0333333333333, '200.87.91.9', '200.87.91.9', 'Windows 10', 'Windows 10', 'PC', 'PC'),
(62, 2, '2021-07-01', '08:23:45', 1, '16:42:51', 7.2, '131.0.199.247', '131.0.199.247', 'Windows 10', 'Windows 10', 'PC', 'PC'),
(63, 5, '2021-07-01', '08:29:20', 1, '20:13:00', 5, '200.87.91.33', NULL, 'Windows 10', NULL, 'PC', NULL),
(64, 3, '2021-07-01', '08:29:24', 1, '20:14:00', 5, '177.222.62.182', NULL, 'Windows 10', NULL, 'PC', NULL),
(65, 4, '2021-07-02', '07:55:34', 1, '16:58:17', 7.4666666666667, '200.87.91.9', '200.87.91.9', 'Windows 10', 'Windows 10', 'PC', 'PC'),
(66, 10, '2021-07-02', '07:57:24', 1, '16:43:30', 7.2166666666667, '181.115.140.169', '181.115.140.145', 'Windows 10', 'Windows 10', 'PC', 'PC'),
(67, 8, '2021-07-02', '08:11:08', 1, '18:46:43', 9.2666666666667, '200.87.91.23', '200.87.91.23', 'Windows 10', 'Windows 10', 'PC', 'PC'),
(68, 5, '2021-07-02', '08:20:35', 1, '16:30:00', 5, '200.87.91.33', NULL, 'Windows 10', NULL, 'PC', NULL),
(69, 3, '2021-07-02', '08:29:50', 1, '00:00:00', 0, '177.222.62.182', NULL, 'Windows 10', NULL, 'PC', NULL),
(70, 2, '2021-07-02', '08:30:32', 1, '17:33:17', 8.0333333333333, '131.0.199.247', '131.0.199.247', 'Windows 10', 'Windows 10', 'PC', 'PC'),
(71, 4, '2021-07-05', '07:39:26', 1, '16:04:43', 6.5666666666667, '200.87.91.9', '200.87.91.9', 'Windows 10', 'Windows 10', 'PC', 'PC'),
(72, 6, '2021-07-05', '08:02:33', 1, '16:41:12', 7.1833333333333, '181.115.140.133', '181.115.140.133', 'Windows 10', 'Windows 10', 'PC', 'PC'),
(73, 9, '2021-07-05', '08:10:21', 1, '17:18:23', 7.8, '181.188.160.99', '181.188.160.99', 'Windows 10', 'Windows 10', 'PC', 'PC'),
(74, 8, '2021-07-05', '08:16:49', 1, '12:43:28', 3.2166666666667, '200.87.91.23', '200.87.91.23', 'Windows 10', 'Windows 10', 'PC', 'PC'),
(75, 2, '2021-07-05', '08:19:02', 1, '17:51:44', 8.35, '131.0.199.247', '131.0.199.247', 'Windows 10', 'Windows 10', 'PC', 'PC'),
(76, 3, '2021-07-05', '08:30:13', 0, '17:20:00', 4.9833333333333, '177.222.62.182', NULL, 'Windows 10', NULL, 'PC', NULL),
(77, 5, '2021-07-05', '08:30:28', 1, '16:31:55', 7.0166666666667, '200.87.91.33', '200.87.91.33', 'Windows 10', 'Windows 10', 'PC', 'PC'),
(78, 6, '2021-07-06', '08:02:19', 1, '16:37:43', 7.1166666666667, '181.115.140.140', '181.115.140.140', 'Windows 10', 'Windows 10', 'PC', 'PC'),
(79, 9, '2021-07-06', '08:09:04', 1, '16:41:09', 7.1833333333333, '181.188.160.99', '181.188.160.99', 'Windows 10', 'Windows 10', 'PC', 'PC'),
(80, 8, '2021-07-06', '08:11:42', 1, '16:32:41', 7.0333333333333, '200.87.91.23', '200.87.91.114', 'Windows 10', 'Windows 10', 'PC', 'PC'),
(81, 2, '2021-07-06', '08:13:49', 1, '16:34:40', 7.0666666666667, '131.0.199.247', '', 'Windows 10', 'Windows 10', 'PC', 'PC'),
(82, 4, '2021-07-06', '08:18:49', 1, '16:54:25', 7.4, '200.87.91.9', '200.87.91.9', 'Windows 10', 'Windows 10', 'PC', 'PC'),
(83, 3, '2021-07-06', '08:23:40', 1, '16:35:42', 7.0833333333333, '177.222.62.182', '177.222.62.182', 'Windows 10', 'Windows 10', 'PC', 'PC'),
(84, 5, '2021-07-06', '08:26:19', 1, '16:31:30', 7.0166666666667, '200.87.91.33', '200.87.91.33', 'Windows 10', 'Windows 10', 'PC', 'PC'),
(85, 10, '2021-07-07', '07:24:13', 1, '16:33:57', 7.05, '181.115.140.249', '181.115.140.249', 'Windows 10', 'Windows 10', 'PC', 'PC'),
(86, 8, '2021-07-07', '07:45:23', 1, '16:32:18', 7.0333333333333, '200.87.91.114', '200.87.91.114', 'Windows 10', 'Windows 10', 'PC', 'PC'),
(87, 6, '2021-07-07', '08:02:02', 1, '16:37:17', 7.1166666666667, '181.115.140.215', '181.115.140.215', 'Windows 10', 'Windows 10', 'PC', 'PC'),
(88, 9, '2021-07-07', '08:06:09', 1, '16:51:52', 7.35, '181.188.160.99', '181.188.160.99', 'Windows 10', 'Windows 10', 'PC', 'PC'),
(89, 2, '2021-07-07', '08:20:30', 1, '16:40:47', 7.1666666666667, '131.0.199.247', '131.0.199.247', 'Windows 10', 'Windows 10', 'PC', 'PC'),
(90, 3, '2021-07-07', '08:27:30', 1, '16:31:55', 7.0166666666667, '177.222.62.182', '177.222.62.182', 'Windows 10', 'Windows 10', 'PC', 'PC'),
(91, 5, '2021-07-07', '08:27:47', 1, '16:32:18', 7.0333333333333, '200.87.91.33', '200.87.91.33', 'Windows 10', 'Windows 10', 'PC', 'PC'),
(92, 4, '2021-07-08', '07:26:58', 1, '16:45:40', 7.25, '200.87.91.9', '200.87.91.9', 'Windows 10', 'Windows 10', 'PC', 'PC'),
(93, 6, '2021-07-08', '08:01:04', 1, '16:48:18', 7.3, '181.115.140.132', '181.115.140.132', 'Windows 10', 'Windows 10', 'PC', 'PC'),
(94, 10, '2021-07-08', '08:09:33', 1, '00:00:00', 0, '181.115.140.249', NULL, 'Windows 10', NULL, 'PC', NULL),
(95, 9, '2021-07-08', '08:14:13', 1, '16:41:41', 7.1833333333333, '181.188.160.99', '181.188.160.99', 'Windows 10', 'Windows 10', 'PC', 'PC'),
(96, 8, '2021-07-08', '08:21:39', 1, '16:39:08', 7.15, '200.87.91.114', '200.87.91.114', 'Windows 10', 'Windows 10', 'PC', 'PC'),
(97, 5, '2021-07-08', '08:24:27', 1, '17:14:12', 7.7333333333333, '200.87.91.33', '200.87.91.33', 'Windows 10', 'Windows 10', 'PC', 'PC'),
(98, 2, '2021-07-08', '08:27:23', 1, '22:42:37', 13.2, '131.0.199.247', '131.0.199.247', 'Windows 10', 'Windows 10', 'PC', 'PC'),
(99, 3, '2021-07-08', '08:32:07', 1, '16:42:58', 7.1666666666667, '177.222.62.182', '177.222.62.182', 'Windows 10', 'Windows 10', 'PC', 'PC'),
(100, 10, '2021-07-09', '07:18:38', 1, '16:45:11', 7.25, '181.115.140.156', '181.115.140.156', 'Windows 10', 'Windows 10', 'PC', 'PC'),
(101, 4, '2021-07-09', '07:21:24', 1, '16:41:45', 7.1833333333333, '200.87.91.9', '200.87.91.9', 'Windows 10', 'Windows 10', 'PC', 'PC'),
(102, 6, '2021-07-09', '08:02:04', 1, '16:45:05', 7.25, '181.115.140.164', '181.115.140.134', 'Windows 10', 'Windows 10', 'PC', 'PC'),
(103, 9, '2021-07-09', '08:16:10', 1, '16:40:21', 7.1666666666667, '', '181.188.160.99', 'Windows 10', 'Windows 10', 'PC', 'PC'),
(104, 5, '2021-07-09', '08:25:58', 1, '16:57:42', 7.45, '200.87.91.33', '200.87.91.33', 'Windows 10', 'Windows 10', 'PC', 'PC'),
(105, 2, '2021-07-09', '08:27:17', 1, '17:02:49', 7.5333333333333, '', '', 'Windows 10', 'Windows 10', 'PC', 'PC'),
(106, 8, '2021-07-09', '08:28:50', 1, '16:59:00', 5, '200.87.91.114', NULL, 'Windows 10', NULL, 'PC', NULL),
(107, 3, '2021-07-09', '08:30:57', 1, '16:39:37', 7.1333333333333, '177.222.62.182', '177.222.62.182', 'Windows 10', 'Windows 10', 'PC', 'PC'),
(108, 8, '2021-07-12', '08:06:50', 1, '16:36:20', 7.1, '200.87.91.41', '200.87.91.41', 'Windows 10', 'Windows 10', 'PC', 'PC'),
(109, 9, '2021-07-12', '08:10:00', 1, '16:39:00', 5, '181.188.160.99', NULL, 'Windows 10', NULL, 'PC', NULL),
(110, 10, '2021-07-12', '08:10:47', 1, '20:02:44', 10.533333333333, '200.87.91.35', '200.87.91.35', 'Windows 10', 'Windows 10', 'PC', 'PC'),
(111, 6, '2021-07-12', '08:15:32', 1, '16:38:42', 7.1333333333333, '181.115.140.216', '181.115.140.216', 'Windows 10', 'Windows 10', 'PC', 'PC'),
(112, 2, '2021-07-12', '08:15:51', 1, '21:18:27', 11.8, '131.0.199.230', '131.0.199.230', 'Windows 10', 'Windows 10', 'PC', 'PC'),
(113, 4, '2021-07-12', '08:16:05', 1, '16:55:51', 7.4166666666667, '200.87.91.9', '200.87.91.9', 'Windows 10', 'Windows 10', 'PC', 'PC'),
(114, 5, '2021-07-12', '08:25:38', 1, '17:11:30', 7.6833333333333, '200.87.91.57', '200.87.91.57', 'Windows 10', 'Windows 10', 'PC', 'PC'),
(115, 10, '2021-07-13', '08:01:32', 1, '18:48:42', 9.3, '200.87.91.35', '200.87.91.35', 'Windows 10', 'Windows 10', 'PC', 'PC'),
(116, 6, '2021-07-13', '08:02:33', 1, '16:40:31', 7.1666666666667, '181.115.140.188', '181.115.140.188', 'Windows 10', 'Windows 10', 'PC', 'PC'),
(117, 9, '2021-07-13', '08:10:47', 1, '16:35:07', 7.0833333333333, '181.188.160.99', '181.188.160.99', 'Windows 10', 'Windows 10', 'PC', 'PC'),
(118, 2, '2021-07-13', '08:22:10', 1, '19:57:17', 10.45, '131.0.199.230', '', 'Windows 10', 'Windows 10', 'PC', 'PC'),
(119, 8, '2021-07-13', '08:22:15', 1, '12:36:02', 3.1, '200.87.91.41', '200.87.91.41', 'Windows 10', 'Windows 10', 'PC', 'PC'),
(120, 5, '2021-07-13', '08:23:05', 1, '19:31:57', 10.016666666667, '200.87.91.57', '200.87.91.57', 'Windows 10', 'Windows 10', 'PC', 'PC'),
(121, 4, '2021-07-14', '07:17:15', 1, '16:40:08', 7.1666666666667, '200.87.91.9', '200.87.91.9', 'Windows 10', 'Windows 10', 'PC', 'PC'),
(122, 10, '2021-07-14', '07:57:56', 1, '17:12:37', 7.7, '200.87.91.35', '200.87.91.35', 'Windows 10', 'Windows 10', 'PC', 'PC'),
(123, 6, '2021-07-14', '08:01:14', 1, '17:11:16', 7.6833333333333, '181.115.140.174', '181.115.140.174', 'Windows 10', 'Windows 10', 'PC', 'PC'),
(124, 2, '2021-07-14', '08:09:15', 1, '18:47:12', 9.2833333333333, '177.222.114.90', '177.222.114.32', 'Windows 10', 'Windows 10', 'PC', 'PC'),
(125, 9, '2021-07-14', '08:13:11', 1, '16:42:41', 7.2, '181.188.160.99', '181.188.160.99', 'Windows 10', 'Windows 10', 'PC', 'PC'),
(126, 5, '2021-07-14', '08:25:31', 1, '16:37:38', 7.1166666666667, '200.87.91.57', '200.87.91.57', 'Windows 10', 'Windows 10', 'PC', 'PC'),
(127, 3, '2021-07-14', '08:28:34', 1, '16:37:07', 7.1166666666667, '177.222.62.182', '177.222.62.182', 'Windows 10', 'Windows 10', 'PC', 'PC'),
(128, 8, '2021-07-14', '08:28:00', 1, '16:37:42', 5, '181.115.140.187', '181.115.140.187', 'Windows 10', 'Windows 10', 'PC', 'PC'),
(129, 4, '2021-07-15', '07:27:19', 1, '21:26:40', 11.933333333333, '200.87.91.9', '200.87.91.27', 'Windows 10', 'Windows 10', 'PC', 'PC'),
(130, 10, '2021-07-15', '08:01:15', 1, '16:54:10', 7.4, '200.87.91.35', '200.87.91.35', 'Windows 10', 'Windows 10', 'PC', 'PC'),
(131, 6, '2021-07-15', '08:01:42', 1, '16:39:46', 7.15, '181.115.140.203', '181.115.140.203', 'Windows 10', 'Windows 10', 'PC', 'PC'),
(132, 9, '2021-07-15', '08:15:30', 1, '16:35:26', 7.0833333333333, '181.188.160.99', '181.188.160.99', 'Windows 10', 'Windows 10', 'PC', 'PC'),
(133, 2, '2021-07-15', '08:19:18', 1, '18:58:54', 9.4666666666667, '177.222.114.32', '177.222.114.32', 'Windows 10', 'Windows 10', 'PC', 'PC'),
(134, 8, '2021-07-15', '08:19:38', 1, '19:29:49', 9.9833333333333, '200.87.91.36', '181.115.140.203', 'Windows 10', 'Windows 10', 'PC', 'PC'),
(135, 5, '2021-07-15', '08:28:09', 1, '20:11:02', 10.683333333333, '200.87.91.9', '200.87.91.87', 'Windows 10', 'Windows 10', 'PC', 'PC'),
(136, 3, '2021-07-15', '08:28:40', 1, '19:28:58', 9.9666666666667, '177.222.62.182', '181.115.140.226', 'Windows 10', 'Windows 10', 'PC', 'PC'),
(137, 2, '2021-07-19', '08:25:00', 1, '18:34:00', 5, '131.0.199.231', '131.0.199.231', 'Windows 10', 'Windows 10', 'PC', 'PC'),
(138, 2, '2021-07-20', '08:19:51', 1, '18:07:00', 5, '131.0.199.247', '131.0.199.247', 'Windows 10', 'Windows 10', 'PC', 'PC'),
(139, 2, '2021-07-21', '08:24:38', 1, '17:24:00', 5, '177.222.114.47', '177.222.114.47', 'Windows 10', 'Windows 10', 'PC', 'PC'),
(140, 2, '2021-07-22', '08:23:05', 1, '17:59:00', 5, '177.222.114.60', '177.222.114.60', 'Windows 10', 'Windows 10', 'PC', 'PC'),
(141, 2, '2021-07-23', '08:27:05', 1, '04:54:00', 3.6, '177.222.114.60', '177.222.114.60', 'Windows 10', 'Windows 10', 'PC', 'PC'),
(142, 2, '2021-07-23', '08:27:05', 1, '16:54:00', 5, '177.222.114.60', NULL, 'Windows 10', NULL, 'PC', NULL),
(143, 2, '2021-07-26', '08:23:45', 1, '16:43:00', 5, '177.222.114.96', '177.222.114.96', 'Windows 10', 'Windows 10', 'PC', 'PC'),
(144, 2, '2021-07-27', '08:22:29', 1, '16:36:00', 5, '131.0.199.200', '181.115.140.173', 'Windows 10', 'Windows 10', 'PC', 'PC'),
(145, 2, '2021-07-28', '08:17:51', 1, '16:45:21', 7.25, '131.0.199.227', '', 'Windows 10', 'Windows 10', 'PC', 'PC'),
(146, 2, '2021-07-29', '08:27:45', 1, '18:00:49', 8.5, '177.222.114.76', '177.222.114.76', 'Windows 10', 'Windows 10', 'PC', 'PC'),
(147, 2, '2021-07-30', '08:26:04', 1, '17:52:00', 5, '', NULL, 'Windows 10', NULL, 'PC', NULL),
(148, 2, '2021-08-02', '08:22:16', 1, '16:33:00', 5, '177.222.114.76', NULL, 'Windows 10', NULL, 'PC', NULL),
(149, 2, '2021-08-04', '08:21:10', 1, '00:00:00', 0, '177.222.114.44', NULL, 'Windows 10', NULL, 'PC', NULL),
(150, 2, '2021-08-05', '08:21:30', 1, '00:00:00', 0, '177.222.114.72', NULL, 'Windows 10', NULL, 'PC', NULL),
(151, 2, '2021-08-09', '08:22:48', 1, '16:38:17', 7.1333333333333, '177.222.114.72', '177.222.114.72', 'Windows 10', 'Windows 10', 'PC', 'PC'),
(152, 2, '2021-08-10', '08:23:10', 1, '17:07:05', 7.6166666666667, '177.222.114.72', '177.222.114.72', 'Windows 10', 'Windows 10', 'PC', 'PC'),
(153, 2, '2021-08-11', '08:27:14', 1, '17:27:28', 7.95, '177.222.114.72', '177.222.114.72', 'Windows 10', 'Windows 10', 'PC', 'PC'),
(154, 2, '2021-08-12', '08:33:57', 1, '00:00:00', 0, '177.222.114.72', NULL, 'Windows 10', NULL, 'PC', NULL),
(155, 2, '2021-08-13', '08:47:44', 0, '00:00:00', 0, '177.222.114.24', NULL, 'Windows 10', NULL, 'PC', NULL),
(156, 2, '2021-08-16', '08:19:48', 1, '16:42:59', 7.2, '177.222.114.24', '177.222.114.24', 'Windows 10', 'Windows 10', 'PC', 'PC'),
(157, 2, '2021-08-17', '08:24:33', 1, '16:48:23', 7.3, '177.222.114.24', '177.222.114.24', 'Windows 10', 'Windows 10', 'PC', 'PC'),
(158, 2, '2021-08-18', '12:32:12', 0, '23:32:46', 10, '177.222.114.24', '177.222.114.24', 'Windows 10', 'Windows 10', 'PC', 'PC'),
(159, 2, '2021-08-19', '08:12:47', 1, '22:41:03', 13.183333333333, '177.222.114.24', '177.222.114.24', 'Windows 10', 'Windows 10', 'PC', 'PC'),
(160, 2, '2021-08-20', '08:08:04', 1, '19:17:05', 9.7833333333333, '177.222.114.24', '177.222.114.24', 'Windows 10', 'Windows 10', 'PC', 'PC'),
(161, 2, '2021-08-23', '07:30:03', 1, '18:40:06', 9.1666666666667, '177.222.114.24', '177.222.114.24', 'Windows 10', 'Windows 10', 'PC', 'PC'),
(162, 2, '2021-08-24', '08:24:27', 1, '22:54:04', 13.4, '177.222.114.24', '177.222.114.24', 'Windows 10', 'Windows 10', 'PC', 'PC'),
(163, 2, '2021-08-25', '08:15:46', 1, '19:34:04', 10.066666666667, '177.222.114.24', '177.222.114.24', 'Windows 10', 'Windows 10', 'PC', 'PC'),
(164, 2, '2021-08-26', '08:05:39', 1, '18:17:25', 8.7833333333333, '177.222.114.68', '177.222.114.68', 'Windows 10', 'Windows 10', 'PC', 'PC'),
(165, 2, '2021-08-30', '08:59:25', 0, '21:00:17', 11, '131.0.199.188', '131.0.199.188', 'Windows 10', 'Windows 10', 'PC', 'PC'),
(166, 2, '2021-08-31', '07:59:52', 1, '21:45:02', 12.25, '131.0.199.188', '131.0.199.188', 'Windows 10', 'Windows 10', 'PC', 'PC'),
(167, 2, '2021-09-01', '08:20:56', 1, '21:41:46', 12.183333333333, '131.0.199.188', '131.0.199.188', 'Windows 10', 'Windows 10', 'PC', 'PC'),
(168, 2, '2021-09-02', '08:30:11', 1, '18:23:53', 8.8833333333333, '131.0.199.188', '131.0.199.188', 'Windows 10', 'Windows 10', 'PC', 'PC'),
(169, 2, '2021-09-03', '08:27:02', 1, '17:52:15', 8.3666666666667, '131.0.199.188', '131.0.199.188', 'Windows 10', 'Windows 10', 'PC', 'PC'),
(170, 2, '2021-09-06', '08:19:34', 1, '17:14:22', 7.7333333333333, '131.0.199.188', '131.0.199.188', 'Windows 10', 'Windows 10', 'PC', 'PC'),
(171, 2, '2021-09-07', '08:26:44', 1, '17:47:17', 8.2833333333333, '131.0.199.188', '', 'Windows 10', 'Windows 10', 'PC', 'PC'),
(172, 8, '2022-01-11', '08:12:15', 1, '16:46:34', 7.2666666666667, '200.87.91.79', '200.87.91.79', 'Windows 10', 'Windows 10', 'PC', 'PC'),
(173, 6, '2022-01-11', '08:19:15', 1, '17:07:50', 7.6166666666667, '181.115.140.167', '181.115.140.167', 'Windows 10', 'Windows 10', 'PC', 'PC'),
(174, 12, '2022-01-11', '08:21:07', 1, '16:32:58', 7.0333333333333, '177.222.62.82', '177.222.62.82', 'Windows 10', 'Windows 10', 'PC', 'PC'),
(175, 10, '2022-01-11', '08:21:17', 1, '17:27:40', 7.95, '177.222.63.235', '177.222.63.235', 'Windows 10', 'Windows 10', 'PC', 'PC'),
(176, 11, '2022-01-11', '08:30:00', 1, '16:45:16', 7, '181.115.140.157', '181.115.140.157', 'Windows 10', 'Windows 10', 'PC', 'PC'),
(177, 15, '2022-01-11', '16:45:24', 0, '16:45:36', 0.25, '177.222.62.157', '177.222.62.157', 'Windows 10', 'Windows 10', 'PC', 'PC'),
(178, 11, '2022-01-12', '07:54:55', 1, '16:35:23', 7.0833333333333, '181.115.140.203', '181.115.140.203', 'Windows 10', 'Windows 10', 'PC', 'PC'),
(179, 10, '2022-01-12', '07:58:35', 1, '17:20:00', 7.8333333333333, '177.222.63.235', '177.222.63.235', 'Windows 10', 'Windows 10', 'PC', 'PC'),
(180, 8, '2022-01-12', '08:02:36', 1, '18:52:37', 9.3666666666667, '200.87.91.79', '200.87.91.79', 'Windows 10', 'Windows 10', 'PC', 'PC'),
(181, 13, '2022-01-12', '08:10:10', 1, '16:36:31', 7.1, '177.222.61.192', '177.222.61.192', 'Windows 10', 'Windows 10', 'PC', 'PC'),
(182, 6, '2022-01-12', '08:11:10', 1, '17:11:03', 7.6833333333333, '181.115.140.173', '181.115.140.173', 'Windows 10', 'Windows 10', 'PC', 'PC'),
(183, 5, '2022-01-12', '08:20:13', 1, '17:30:45', 8, '181.115.140.242', '181.115.140.242', 'Windows 10', 'Windows 10', 'PC', 'PC'),
(184, 7, '2022-01-12', '08:24:25', 1, '17:16:03', 7.7666666666667, '200.87.91.147', '200.87.91.147', 'Windows 10', 'Windows 10', 'PC', 'PC'),
(185, 12, '2022-01-12', '08:25:49', 1, '17:18:20', 7.8, '177.222.62.90', '177.222.62.90', 'Windows 10', 'Windows 10', 'PC', 'PC'),
(186, 15, '2022-01-12', '08:26:57', 1, '17:22:26', 7.8666666666667, '177.222.62.157', '177.222.62.157', 'Windows 10', 'Windows 10', 'PC', 'PC'),
(187, 11, '2022-01-13', '07:55:45', 1, '17:23:33', 7.8833333333333, '181.115.140.203', '181.115.140.203', 'Windows 10', 'Windows 10', 'PC', 'PC'),
(188, 8, '2022-01-13', '08:07:43', 1, '18:54:05', 9.4, '200.87.91.79', '200.87.91.79', 'Windows 10', 'Windows 10', 'PC', 'PC'),
(189, 10, '2022-01-13', '08:14:37', 1, '17:27:05', 7.95, '177.222.63.235', '177.222.63.235', 'Windows 10', 'Windows 10', 'PC', 'PC'),
(190, 13, '2022-01-13', '08:16:34', 1, '17:20:45', 7.8333333333333, '177.222.61.192', '177.222.61.192', 'Windows 10', 'Windows 10', 'PC', 'PC'),
(191, 7, '2022-01-13', '08:16:43', 1, '17:10:10', 7.6666666666667, '200.87.91.243', '200.87.91.243', 'Windows 10', 'Windows 10', 'PC', 'PC'),
(192, 5, '2022-01-13', '08:20:15', 1, '16:47:09', 7.2833333333333, '181.115.140.144', '181.115.140.144', 'Windows 10', 'Windows 10', 'PC', 'PC'),
(193, 12, '2022-01-13', '08:25:05', 1, '00:00:00', 0, '177.222.62.90', NULL, 'Windows 10', NULL, 'PC', NULL),
(194, 15, '2022-01-13', '08:30:15', 1, '17:14:59', 7.7333333333333, '177.222.62.157', '177.222.62.157', 'Windows 10', 'Windows 10', 'PC', 'PC'),
(195, 6, '2022-01-13', '08:55:29', 0, '17:00:36', 7.0833333333333, '181.115.140.138', '181.115.140.138', 'Windows 10', 'Windows 10', 'PC', 'PC'),
(196, 8, '2022-01-14', '07:57:54', 1, '16:38:06', 7.1333333333333, '200.87.91.79', '200.87.91.79', 'Windows 10', 'Windows 10', 'PC', 'PC'),
(197, 12, '2022-01-14', '08:04:30', 1, '16:35:25', 7.0833333333333, '177.222.62.90', '177.222.62.90', 'Windows 10', 'Windows 10', 'PC', 'PC'),
(198, 7, '2022-01-14', '08:17:09', 1, '16:35:24', 7.0833333333333, '200.87.91.243', '200.87.91.243', 'Windows 10', 'Windows 10', 'PC', 'PC'),
(199, 6, '2022-01-14', '08:22:49', 1, '16:36:27', 7.1, '181.115.140.182', '181.115.140.182', 'Windows 10', 'Windows 10', 'PC', 'PC'),
(200, 10, '2022-01-14', '08:25:26', 1, '18:25:13', 8.9166666666667, '177.222.63.235', '177.222.63.235', 'Windows 10', 'Windows 10', 'PC', 'PC'),
(201, 15, '2022-01-14', '08:32:16', 1, '16:40:31', 7.1333333333333, '177.222.62.157', '177.222.62.157', 'Windows 10', 'Windows 10', 'PC', 'PC'),
(202, 5, '2022-01-14', '09:25:53', 0, '16:37:53', 6.2, '181.115.140.158', '181.115.140.158', 'Windows 10', 'Windows 10', 'PC', 'PC'),
(203, 10, '2022-01-17', '07:59:00', 1, '16:34:14', 7.0666666666667, '177.222.63.235', '177.222.63.235', 'Windows 10', 'Windows 10', 'PC', 'PC'),
(204, 11, '2022-01-17', '07:59:53', 1, '16:34:55', 7.0666666666667, '181.115.140.244', '181.115.140.244', 'Windows 10', 'Windows 10', 'PC', 'PC'),
(205, 8, '2022-01-17', '07:59:59', 1, '16:50:55', 7.3333333333333, '181.115.140.174', '181.115.140.189', 'Windows 10', 'Windows 10', 'PC', 'PC'),
(206, 6, '2022-01-17', '08:04:03', 1, '16:35:35', 7.0833333333333, '181.115.140.236', '181.115.140.236', 'Windows 10', 'Windows 10', 'PC', 'PC'),
(207, 15, '2022-01-17', '08:06:01', 1, '00:00:00', 0, '177.222.62.96', NULL, 'Windows 10', NULL, 'PC', NULL),
(208, 13, '2022-01-17', '08:10:55', 1, '16:32:24', 7.0333333333333, '177.222.61.192', '177.222.61.192', 'Windows 10', 'Windows 10', 'PC', 'PC'),
(209, 7, '2022-01-17', '08:15:22', 1, '16:32:26', 7.0333333333333, '200.87.91.243', '200.87.91.243', 'Windows 10', 'Windows 10', 'PC', 'PC'),
(210, 5, '2022-01-17', '08:21:19', 1, '16:51:54', 7.35, '181.115.140.191', '181.115.140.150', 'Windows 10', 'Windows 10', 'PC', 'PC'),
(211, 12, '2022-01-17', '08:30:00', 1, '16:41:42', 7, '177.222.62.247', '177.222.62.247', 'Windows 10', 'Windows 10', 'PC', 'PC'),
(212, 8, '2022-01-18', '07:54:08', 1, '17:10:01', 7.6666666666667, '200.87.91.79', '200.87.91.110', 'Windows 10', 'Windows 10', 'PC', 'PC'),
(213, 12, '2022-01-18', '08:00:19', 1, '16:41:30', 7.1833333333333, '177.222.62.247', '181.115.140.234', 'Windows 10', 'Windows 10', 'PC', 'PC'),
(214, 6, '2022-01-18', '08:00:29', 1, '18:06:56', 8.6, '181.115.140.200', '181.115.140.200', 'Windows 10', 'Windows 10', 'PC', 'PC'),
(215, 10, '2022-01-18', '08:01:08', 1, '16:46:28', 7.2666666666667, '181.115.140.252', '181.115.140.252', 'Windows 10', 'Windows 10', 'PC', 'PC'),
(216, 11, '2022-01-18', '08:06:20', 1, '16:41:51', 7.1833333333333, '181.115.140.244', '181.115.140.244', 'Windows 10', 'Windows 10', 'PC', 'PC'),
(217, 5, '2022-01-18', '08:25:58', 1, '17:07:30', 7.6166666666667, '181.115.140.254', '181.115.140.254', 'Windows 10', 'Windows 10', 'PC', 'PC'),
(218, 15, '2022-01-18', '08:29:51', 1, '00:00:00', 0, '177.222.62.96', NULL, 'Windows 10', NULL, 'PC', NULL),
(219, 8, '2022-01-19', '07:24:54', 1, '17:18:28', 7.8, '200.87.91.110', '200.87.91.110', 'Windows 10', 'Windows 10', 'PC', 'PC'),
(220, 6, '2022-01-19', '08:01:31', 1, '17:06:32', 7.6, '181.115.140.155', '', 'Windows 10', 'Windows 10', 'PC', 'PC'),
(221, 11, '2022-01-19', '08:05:56', 1, '13:59:04', 4.4833333333333, '181.115.140.244', '181.115.140.244', 'Windows 10', 'Windows 10', 'PC', 'PC'),
(222, 10, '2022-01-19', '08:11:51', 1, '17:40:08', 8.1666666666667, '177.222.63.235', '177.222.63.235', 'Windows 10', 'Windows 10', 'PC', 'PC'),
(223, 13, '2022-01-19', '08:13:50', 1, '18:50:51', 9.3333333333333, '177.222.61.192', '177.222.61.192', 'Windows 10', 'Windows 10', 'PC', 'PC'),
(224, 12, '2022-01-19', '08:20:03', 1, '16:43:10', 7.2166666666667, '177.222.62.189', '177.222.62.189', 'Windows 10', 'Windows 10', 'PC', 'PC'),
(225, 5, '2022-01-19', '08:21:25', 1, '16:50:14', 7.3333333333333, '181.115.140.208', '181.115.140.208', 'Windows 10', 'Windows 10', 'PC', 'PC'),
(226, 15, '2022-01-19', '08:32:08', 1, '16:34:10', 7.0333333333333, '177.222.62.96', '177.222.62.96', 'Windows 10', 'Windows 10', 'PC', 'PC'),
(227, 8, '2022-01-20', '07:52:33', 1, '16:39:22', 7.15, '200.87.91.110', '200.87.91.87', 'Windows 10', 'Windows 10', 'PC', 'PC'),
(228, 6, '2022-01-20', '08:06:03', 1, '17:00:28', 7.5, '181.115.140.230', '181.115.140.219', 'Windows 10', 'Windows 10', 'PC', 'PC'),
(229, 11, '2022-01-20', '08:20:46', 1, '16:42:35', 7.2, '181.115.140.254', '181.115.140.254', 'Windows 10', 'Windows 10', 'PC', 'PC'),
(230, 13, '2022-01-20', '08:24:35', 1, '16:35:03', 7.0833333333333, '177.222.61.192', '177.222.61.192', 'Windows 10', 'Windows 10', 'PC', 'PC'),
(231, 15, '2022-01-20', '08:44:21', 0, '00:00:00', 0, '177.222.62.96', NULL, 'Windows 10', NULL, 'PC', NULL),
(232, 16, '2022-01-20', '10:07:15', 0, '16:52:55', 5.75, '200.87.91.163', '200.87.91.163', 'Windows 10', 'Windows 10', 'PC', 'PC'),
(233, 6, '2022-01-21', '08:01:31', 1, '16:48:29', 7.3, '181.115.140.231', '181.115.140.231', 'Windows 10', 'Windows 10', 'PC', 'PC'),
(234, 8, '2022-01-21', '08:04:40', 1, '16:51:19', 7.35, '181.115.140.216', '181.115.140.216', 'Windows 10', 'Windows 10', 'PC', 'PC'),
(235, 11, '2022-01-21', '08:16:01', 1, '00:00:00', 0, '181.115.140.254', NULL, 'Windows 10', NULL, 'PC', NULL),
(236, 13, '2022-01-21', '08:17:05', 1, '16:34:37', 7.0666666666667, '177.222.61.192', '177.222.61.192', 'Windows 10', 'Windows 10', 'PC', 'PC'),
(237, 16, '2022-01-21', '08:18:54', 1, '16:50:12', 7.3333333333333, '200.87.91.163', '200.87.91.163', 'Windows 10', 'Windows 10', 'PC', 'PC'),
(238, 15, '2022-01-21', '08:26:32', 1, '16:33:29', 7.05, '177.222.62.96', '177.222.62.96', 'Windows 10', 'Windows 10', 'PC', 'PC'),
(239, 11, '2022-01-24', '07:55:45', 1, '16:50:59', 7.3333333333333, '181.115.140.244', '181.115.140.244', 'Windows 10', 'Windows 10', 'PC', 'PC'),
(240, 8, '2022-01-24', '08:17:41', 1, '16:49:12', 7.3166666666667, '200.87.91.87', '200.87.91.87', 'Windows 10', 'Windows 10', 'PC', 'PC'),
(241, 15, '2022-01-24', '08:28:34', 1, '16:45:55', 7.25, '177.222.62.96', '177.222.62.96', 'Windows 10', 'Windows 10', 'PC', 'PC'),
(242, 8, '2022-01-25', '08:18:58', 1, '17:52:00', 7, '200.87.91.87', NULL, 'Windows 10', NULL, 'PC', NULL),
(243, 17, '2022-01-25', '08:22:42', 1, '00:00:00', 0, '177.222.122.154', NULL, 'Windows 10', NULL, 'PC', NULL),
(244, 11, '2022-01-25', '08:25:27', 1, '15:32:11', 6.0333333333333, '181.115.140.162', '181.115.140.162', 'Windows 10', 'Windows 10', 'PC', 'PC'),
(245, 15, '2022-01-25', '08:30:11', 1, '16:39:16', 7.15, '177.222.62.70', '177.222.62.70', 'Windows 10', 'Windows 10', 'PC', 'PC'),
(246, 17, '2022-01-26', '08:12:24', 1, '16:31:33', 7.0166666666667, '177.222.114.61', '177.222.114.61', 'Windows 10', 'Windows 10', 'PC', 'PC'),
(247, 11, '2022-01-26', '08:16:38', 1, '13:26:29', 3.9333333333333, '181.115.140.236', '181.115.140.236', 'Windows 10', 'Windows 10', 'PC', 'PC'),
(248, 8, '2022-01-26', '08:19:50', 1, '16:37:30', 7.1166666666667, '200.87.91.87', '200.87.91.16', 'Windows 10', 'Windows 10', 'PC', 'PC'),
(249, 18, '2022-01-26', '08:23:40', 1, '16:42:36', 7.2, '177.222.122.154', '177.222.122.154', 'Windows 10', 'Windows 10', 'PC', 'PC'),
(250, 15, '2022-01-26', '08:34:44', 1, '00:00:00', 0, '177.222.62.70', NULL, 'Windows 10', NULL, 'PC', NULL),
(251, 8, '2022-01-27', '07:55:55', 1, '17:42:56', 8.2, '200.87.91.40', '181.115.140.203', 'Windows 10', 'Windows 10', 'PC', 'PC'),
(252, 6, '2022-01-27', '08:01:44', 1, '18:06:18', 8.6, '181.115.140.142', '181.115.140.142', 'Windows 10', 'Windows 10', 'PC', 'PC'),
(253, 5, '2022-01-27', '08:20:47', 1, '16:32:21', 7.0333333333333, '181.115.140.200', '181.115.140.200', 'Windows 10', 'Windows 10', 'PC', 'PC'),
(254, 17, '2022-01-27', '08:22:57', 1, '16:31:52', 7.0166666666667, '177.222.114.61', '177.222.114.61', 'Windows 10', 'Windows 10', 'PC', 'PC'),
(255, 18, '2022-01-27', '08:26:08', 1, '16:34:38', 7.0666666666667, '200.87.91.15', '200.87.91.15', 'Windows 10', 'Windows 10', 'PC', 'PC'),
(256, 15, '2022-01-27', '08:27:51', 1, '20:09:12', 10.65, '177.222.62.70', '177.222.62.70', 'Windows 10', 'Windows 10', 'PC', 'PC'),
(257, 11, '2022-01-27', '11:23:45', 0, '16:33:42', 4.15, '181.115.140.205', '181.115.140.184', 'Windows 10', 'Windows 10', 'PC', 'PC'),
(258, 17, '2022-01-28', '07:53:44', 1, '16:45:43', 7.25, '', '177.222.114.61', 'Windows 10', 'Windows 10', 'PC', 'PC'),
(259, 8, '2022-01-28', '07:57:18', 1, '17:34:23', 8.0666666666667, '200.87.91.40', '181.115.140.129', 'Windows 10', 'Windows 10', 'PC', 'PC'),
(260, 6, '2022-01-28', '08:03:32', 1, '16:59:37', 7.4833333333333, '181.115.140.173', '181.115.140.173', 'Windows 10', 'Windows 10', 'PC', 'PC'),
(261, 7, '2022-01-28', '08:07:21', 1, '16:36:06', 7.1, '200.87.91.252', '200.87.91.252', 'Windows 10', 'Windows 10', 'PC', 'PC'),
(262, 11, '2022-01-28', '08:22:51', 1, '17:03:32', 7.55, '181.115.140.168', '181.115.140.138', 'Windows 10', 'Windows 10', 'PC', 'PC'),
(263, 18, '2022-01-28', '08:30:36', 1, '16:37:47', 7.1166666666667, '200.87.91.15', '200.87.91.15', 'Windows 10', 'Windows 10', 'PC', 'PC'),
(264, 15, '2022-01-28', '08:32:01', 1, '23:19:07', 13.783333333333, '177.222.62.70', '177.222.62.70', 'Windows 10', 'Windows 10', 'PC', 'PC'),
(265, 17, '2022-01-31', '07:23:11', 1, '00:00:00', 0, '177.222.114.61', NULL, 'Windows 10', NULL, 'PC', NULL),
(266, 6, '2022-01-31', '08:10:44', 1, '17:21:10', 7.85, '181.115.140.184', '181.115.140.184', 'Windows 10', 'Windows 10', 'PC', 'PC'),
(267, 8, '2022-01-31', '08:13:30', 1, '16:41:37', 7.1833333333333, '181.115.140.243', '181.115.140.252', 'Windows 10', 'Windows 10', 'PC', 'PC'),
(268, 5, '2022-01-31', '08:15:08', 1, '16:44:45', 7.2333333333333, '181.115.140.234', '181.115.140.234', 'Windows 10', 'Windows 10', 'PC', 'PC'),
(269, 15, '2022-01-31', '08:30:34', 1, '00:00:00', 0, '177.222.62.70', NULL, 'Windows 10', NULL, 'PC', NULL),
(270, 8, '2022-02-01', '07:58:40', 1, '16:32:06', 7.0333333333333, '200.87.91.40', '181.115.140.221', 'Windows 10', 'Windows 10', 'PC', 'PC'),
(271, 15, '2022-02-01', '08:09:48', 1, '18:21:40', 8.85, '177.222.62.70', '177.222.62.70', 'Windows 10', 'Windows 10', 'PC', 'PC'),
(272, 6, '2022-02-01', '08:14:29', 1, '17:34:27', 8.0666666666667, '181.115.140.179', '181.115.140.179', 'Windows 10', 'Windows 10', 'PC', 'PC'),
(273, 5, '2022-02-01', '08:35:55', 0, '16:36:59', 7.0166666666667, '181.115.140.253', '181.115.140.253', 'Windows 10', 'Windows 10', 'PC', 'PC'),
(274, 7, '2022-02-02', '08:11:56', 1, '16:30:00', 7, '200.87.91.204', NULL, 'Windows 10', NULL, 'PC', NULL),
(275, 6, '2022-02-02', '08:15:12', 1, '17:06:14', 7.6, '181.115.140.206', '181.115.140.205', 'Windows 10', 'Windows 10', 'PC', 'PC'),
(276, 8, '2022-02-02', '08:18:49', 1, '16:31:23', 7.0166666666667, '200.87.91.40', '200.87.91.40', 'Windows 10', 'Windows 10', 'PC', 'PC'),
(277, 5, '2022-02-02', '08:18:55', 1, '00:00:00', 0, '200.87.91.61', NULL, 'Windows 10', NULL, 'PC', NULL),
(278, 15, '2022-02-02', '08:33:30', 1, '00:00:00', 0, '177.222.62.70', NULL, 'Windows 10', NULL, 'PC', NULL),
(279, 8, '2022-02-03', '07:36:26', 1, '16:54:25', 7.4, '200.87.91.40', '181.115.140.153', 'Windows 10', 'Windows 10', 'PC', 'PC'),
(280, 6, '2022-02-03', '08:03:59', 1, '16:42:13', 7.2, '181.115.140.253', '181.115.140.253', 'Windows 10', 'Windows 10', 'PC', 'PC'),
(281, 15, '2022-02-03', '08:07:46', 1, '17:16:40', 7.7666666666667, '177.222.62.70', '177.222.62.70', 'Windows 10', 'Windows 10', 'PC', 'PC'),
(282, 7, '2022-02-03', '08:13:42', 1, '16:41:38', 7.1833333333333, '200.87.91.204', '200.87.91.204', 'Windows 10', 'Windows 10', 'PC', 'PC'),
(283, 5, '2022-02-03', '08:18:36', 1, '16:48:23', 7.3, '181.115.140.192', '200.87.91.37', 'Windows 10', 'Windows 10', 'PC', 'PC'),
(284, 8, '2022-02-04', '07:30:31', 1, '16:33:32', 7.05, '200.87.91.40', '200.87.91.40', 'Windows 10', 'Windows 10', 'PC', 'PC'),
(285, 7, '2022-02-04', '08:08:51', 1, '16:33:04', 7.05, '200.87.91.204', '200.87.91.204', 'Windows 10', 'Windows 10', 'PC', 'PC'),
(286, 6, '2022-02-04', '08:11:20', 1, '17:00:17', 7.5, '181.115.140.189', '181.115.140.189', 'Windows 10', 'Windows 10', 'PC', 'PC'),
(287, 5, '2022-02-04', '08:22:49', 1, '16:33:05', 7.05, '200.87.91.109', '200.87.91.109', 'Windows 10', 'Windows 10', 'PC', 'PC'),
(288, 15, '2022-02-04', '08:28:54', 1, '17:33:52', 8.05, '177.222.62.70', '177.222.62.70', 'Windows 10', 'Windows 10', 'PC', 'PC'),
(289, 10, '2022-04-10', '14:30:47', 0, '00:00:00', 0, '177.222.63.235', NULL, 'Windows 10', NULL, 'PC', NULL),
(290, 16, '2022-04-26', '17:40:55', 0, '17:41:10', 1.1666666666667, '177.222.122.154', '177.222.122.154', 'Windows 10', 'Windows 10', 'PC', 'PC');

-- --------------------------------------------------------

--
-- Estructura de tabla para la tabla `cashadvance`
--

CREATE TABLE `cashadvance` (
  `id` int(11) NOT NULL,
  `date_advance` date NOT NULL,
  `employee_id` varchar(15) NOT NULL,
  `amount` double NOT NULL
) ENGINE=InnoDB DEFAULT CHARSET=latin1;

-- --------------------------------------------------------

--
-- Estructura de tabla para la tabla `deductions`
--

CREATE TABLE `deductions` (
  `id` int(11) NOT NULL,
  `description` varchar(100) NOT NULL,
  `amount` double NOT NULL
) ENGINE=InnoDB DEFAULT CHARSET=latin1;

-- --------------------------------------------------------

--
-- Estructura de tabla para la tabla `employees`
--

CREATE TABLE `employees` (
  `id` int(11) NOT NULL,
  `employee_id` varchar(15) NOT NULL,
  `firstname` varchar(50) NOT NULL,
  `lastname` varchar(50) NOT NULL,
  `ci` char(10) NOT NULL,
  `address` text NOT NULL,
  `birthdate` date NOT NULL,
  `contact_info` varchar(100) NOT NULL,
  `gender` varchar(10) NOT NULL,
  `position_id` int(11) NOT NULL,
  `schedule_id` int(11) NOT NULL,
  `photo` varchar(200) NOT NULL,
  `created_on` date NOT NULL,
  `bloqueado` int(1) DEFAULT 0,
  `eliminado` int(1) DEFAULT NULL,
  `idusuario` int(11) DEFAULT NULL
) ENGINE=InnoDB DEFAULT CHARSET=latin1;

--
-- Volcado de datos para la tabla `employees`
--

INSERT INTO `employees` (`id`, `employee_id`, `firstname`, `lastname`, `ci`, `address`, `birthdate`, `contact_info`, `gender`, `position_id`, `schedule_id`, `photo`, `created_on`, `bloqueado`, `eliminado`, `idusuario`) VALUES
(2, 'XTS824763915', 'CARLOS JAVER', 'RAMOS MIRANDA', '1117749', '', '0000-00-00', '', 'Male', 8, 1, '', '2021-06-15', 1, NULL, NULL),
(3, 'JQP534692801', 'JOSE HUMBERTO ', 'FLORES FLORES', '4050318', '', '0000-00-00', '', 'Male', 13, 2, '', '2021-06-15', 1, NULL, NULL),
(4, 'VDZ905318764', 'SERGIO ROMELIO', 'VILLARROEL', '4631549', '', '0000-00-00', '', 'Male', 18, 1, '', '2021-06-15', 1, NULL, NULL),
(5, 'IAW574806319', 'ANA MARIA', 'ZARATE RIVAS', '3654618', '', '0000-00-00', '', 'Female', 19, 2, '', '2021-06-15', 0, NULL, NULL),
(6, 'CVX204378169', 'MARINA', 'DURAN MIRANDA', '1093424', '', '0000-00-00', '', 'Female', 16, 2, '', '2021-06-17', 0, NULL, NULL),
(7, 'VCR857604391', 'MIRNA FANNY', 'MENDIA LEDEZMA', '3102871', '', '0000-00-00', '', 'Female', 14, 2, '', '2021-06-17', 0, NULL, NULL),
(8, 'KAW260439578', 'IVANNA', 'JADUE JIMENEZ', '3637639', '', '0000-00-00', '', 'Female', 17, 2, '', '2021-06-17', 0, NULL, NULL),
(9, 'VXN869531724', 'RAFAEL HUGO', 'POPPE AVILES', '1147871', '', '0000-00-00', '', 'Male', 1, 1, '', '2021-06-30', 1, NULL, NULL),
(10, 'RAO615379428', 'HUGO ANTONIO', 'NAVA AILLON', '7561077', '', '0000-00-00', '', 'Male', 10, 2, '', '2021-07-01', 0, NULL, NULL),
(11, 'WLG920743651', 'MARIA GUALY', 'ROCHA NUÑE', '3896016', '', '0000-00-00', '', 'Female', 21, 2, '', '2022-01-11', 0, NULL, NULL),
(12, 'AVB457896120', 'LUIS FERNANDO ', 'COSSIO VILLEGAS', '4038029', '', '0000-00-00', '', 'Male', 9, 2, '', '2022-01-11', 0, NULL, NULL),
(13, 'QSN837125940', 'JHONNY ', 'GABRIEL PAIRUMANI', '3423818', '', '0000-00-00', '', 'Male', 24, 2, '', '2022-01-11', 0, NULL, NULL),
(14, 'MUP295641830', 'SILVIA ', 'SUAREZ RODRIGUEZ', '1932312', '', '0000-00-00', '', 'Female', 15, 2, '', '2022-01-11', 0, NULL, NULL),
(15, 'ECX519432768', 'LIZBETH VANESA', 'ANIVARRO MUÑOZ', '5631631', '', '0000-00-00', '', 'Female', 6, 2, '', '2022-01-11', 0, NULL, NULL),
(16, 'ILR840517329', 'MILTON ROLANDO', 'MORA SALDAÑA', '3643409', '', '0000-00-00', '', 'Male', 12, 2, '', '2022-01-20', 0, NULL, NULL),
(17, 'JIA379461820', 'ALAN', 'VASQUEZ BALDERAS', '5670458', '', '0000-00-00', '', 'Male', 20, 2, '', '2022-01-25', 0, NULL, NULL),
(18, 'MLW012745368', 'ROGER ARMANDO', 'VILLALPANDO AMONZABEL', '1425301', '', '0000-00-00', '', 'Male', 23, 2, '', '2022-01-25', 0, NULL, NULL);

-- --------------------------------------------------------

--
-- Estructura de tabla para la tabla `overtime`
--

CREATE TABLE `overtime` (
  `id` int(11) NOT NULL,
  `employee_id` varchar(15) NOT NULL,
  `hours` double NOT NULL,
  `rate` double NOT NULL,
  `date_overtime` date NOT NULL
) ENGINE=InnoDB DEFAULT CHARSET=latin1;

-- --------------------------------------------------------

--
-- Estructura de tabla para la tabla `position`
--

CREATE TABLE `position` (
  `id` int(11) NOT NULL,
  `description` varchar(150) NOT NULL,
  `rate` double NOT NULL
) ENGINE=InnoDB DEFAULT CHARSET=latin1;

--
-- Volcado de datos para la tabla `position`
--

INSERT INTO `position` (`id`, `description`, `rate`) VALUES
(1, 'ENCARGADO DE REDES Y SEGURIDAD INFORMATICA', 1),
(2, 'JEFE DE LA UNIDAD DE FORMACIÓN', 1),
(3, 'DIRECTOR GENERAL', 1),
(4, 'ASESOR JURIDICO', 1),
(5, 'PROFESIONAL RESPONSABLE DE ADMINISTRACION DE SISTEMAS INFORMATICOS GENERALES, SOPORTE, MANTENIMIENTO DE REDES Y SEGURIDAD INFORMATICA', 1),
(6, 'COMUNICADOR SOCIAL Y RESPONSABLE DE DISEÑO GRAFICO', 1),
(7, 'AUDITOR INTERNO', 1),
(8, 'JEFE DE LA UNIDAD DE FORMACION Y ESPECIALIZACION', 1),
(9, 'DOCENTE-COORDINADOR ACADÉMICO DE FORMACIÓN I', 1),
(10, 'DOCENTE-COORDINADOR ACADEMICO DE FORMACION II', 1),
(11, 'PEDAGOGO DE FORMACION Y ESPECIALIZACION', 1),
(12, 'PROFESIONAL RESPONSABLE DE SISTEMAS INFORMATICOS Y PLATAFORMA VIRTUAL DE FORMACION  Y ESPECIALIZACION', 1),
(13, 'JEFE DE LA UNIDAD DE CAPACITACION', 1),
(14, 'DOCENTE-COORDINADOR ACDEMICO DEL AREA AGROAMBIENTAL, DE INTERACCION SOCIAL Y DE JIOC', 1),
(15, 'DOCENTE-COORDINADOR ACADEMICO DEL AREA CIVIL, FAMILIA Y DE CONCILIACION', 1),
(16, 'DOCENTE-COORDINADOR ACADEMICO DEL AREA PENAL, DE VIOLENCIA DE GENERO Y DE ANTICORRUPCION', 1),
(17, 'DOCENTE-COORDINADOR ACADEMICO DEL AREA NIÑEZ Y ADOLESCENCIA, APOYO JUDICIAL Y PERSONAL ADMINISTRATIVO', 1),
(18, 'DOCENTE-COORDINADOR ACADEMICO DEL AREA DERECHOS HUMANOS, CONSTITUCIONAL, ETICA JUDICIAL, SOCIAL Y ADMINISTRATIVA', 1),
(19, 'PEDAGOGO DE CAPACITACION ', 1),
(20, 'PROFESIONAL RESPONSABLE DE SISTEMAS INFORMATICOS Y PLATAFORMA VIRTUAL DE CAPACITACION', 1),
(21, 'JEFE UNIDAD ADMINISTRATIVA FINANCIERA', 1),
(22, 'PROFESIONAL EN ADMINISTRACION Y RECURSOS HUMANOS', 1),
(23, 'CONTADOR GENERAL', 1),
(24, 'PROFESIONAL EN PRESUPUESTO Y TESORERIA', 1);

-- --------------------------------------------------------

--
-- Estructura de tabla para la tabla `schedules`
--

CREATE TABLE `schedules` (
  `id` int(11) NOT NULL,
  `time_in` time NOT NULL,
  `time_out` time NOT NULL,
  `tolerancia` time DEFAULT NULL
) ENGINE=InnoDB DEFAULT CHARSET=latin1;

--
-- Volcado de datos para la tabla `schedules`
--

INSERT INTO `schedules` (`id`, `time_in`, `time_out`, `tolerancia`) VALUES
(1, '08:30:00', '14:30:00', '08:35:00'),
(2, '08:30:00', '16:30:00', '08:35:00');

--
-- Índices para tablas volcadas
--

--
-- Indices de la tabla `admin`
--
ALTER TABLE `admin`
  ADD PRIMARY KEY (`id`);

--
-- Indices de la tabla `attendance`
--
ALTER TABLE `attendance`
  ADD PRIMARY KEY (`id`);

--
-- Indices de la tabla `cashadvance`
--
ALTER TABLE `cashadvance`
  ADD PRIMARY KEY (`id`);

--
-- Indices de la tabla `deductions`
--
ALTER TABLE `deductions`
  ADD PRIMARY KEY (`id`);

--
-- Indices de la tabla `employees`
--
ALTER TABLE `employees`
  ADD PRIMARY KEY (`id`);

--
-- Indices de la tabla `overtime`
--
ALTER TABLE `overtime`
  ADD PRIMARY KEY (`id`);

--
-- Indices de la tabla `position`
--
ALTER TABLE `position`
  ADD PRIMARY KEY (`id`);

--
-- Indices de la tabla `schedules`
--
ALTER TABLE `schedules`
  ADD PRIMARY KEY (`id`);

--
-- AUTO_INCREMENT de las tablas volcadas
--

--
-- AUTO_INCREMENT de la tabla `admin`
--
ALTER TABLE `admin`
  MODIFY `id` int(11) NOT NULL AUTO_INCREMENT, AUTO_INCREMENT=3;

--
-- AUTO_INCREMENT de la tabla `attendance`
--
ALTER TABLE `attendance`
  MODIFY `id` int(11) NOT NULL AUTO_INCREMENT, AUTO_INCREMENT=291;

--
-- AUTO_INCREMENT de la tabla `cashadvance`
--
ALTER TABLE `cashadvance`
  MODIFY `id` int(11) NOT NULL AUTO_INCREMENT;

--
-- AUTO_INCREMENT de la tabla `deductions`
--
ALTER TABLE `deductions`
  MODIFY `id` int(11) NOT NULL AUTO_INCREMENT;

--
-- AUTO_INCREMENT de la tabla `employees`
--
ALTER TABLE `employees`
  MODIFY `id` int(11) NOT NULL AUTO_INCREMENT, AUTO_INCREMENT=19;

--
-- AUTO_INCREMENT de la tabla `overtime`
--
ALTER TABLE `overtime`
  MODIFY `id` int(11) NOT NULL AUTO_INCREMENT;

--
-- AUTO_INCREMENT de la tabla `position`
--
ALTER TABLE `position`
  MODIFY `id` int(11) NOT NULL AUTO_INCREMENT, AUTO_INCREMENT=25;

--
-- AUTO_INCREMENT de la tabla `schedules`
--
ALTER TABLE `schedules`
  MODIFY `id` int(11) NOT NULL AUTO_INCREMENT, AUTO_INCREMENT=3;
COMMIT;

/*!40101 SET CHARACTER_SET_CLIENT=@OLD_CHARACTER_SET_CLIENT */;
/*!40101 SET CHARACTER_SET_RESULTS=@OLD_CHARACTER_SET_RESULTS */;
/*!40101 SET COLLATION_CONNECTION=@OLD_COLLATION_CONNECTION */;
